posto,lon,lat,nome,minDate,Código API - PLU,Código API - FLU
143,-46.544.628,-2.361.085,Rio Tamanduateí - Prosperidade,2006-11-01 00:07:18.0,33738,33737
275,-46.614.164,-23.581.933,Córrego Ipiranga- Rua Coronel Diogo,2007-05-28 15:51:37.0,-------------------------,-------------------------
279,-465.862.497.846,-236.477.769.426,Ribeirão dos Couros - Jd Taboão,2006-12-05 18:15:06.0,33750,33751
280,-46.544.318,-23.608.315,Córrego Oratório - Vila Prudente,2007-07-10 19:12:55.0,33753,33752
283,-465.994.638.065,-235.821.693.701,Rio Tamanduateí - Vd. Pacheco Chaves,2007-08-06 16:30:00.0,33754,33755
400,-46.532.528,-23.752.079,Riacho Grande,2006-11-01 00:00:01.0,------------------------,------------------------
413,-46.628.423,-23.541.539,Rio Tamanduateí - Mercado Municipal,2006-11-01 00:00:01.0,33768,33767
503,-46.656.168,-23.552.718,Sé - CGE (PMSP/SE-01),2010-03-04 19:36:06.0,------------------------,------------------------
511,-4.656.667,-23.67,Rudge Ramos,2006-11-01 00:00:01.0,33848,------------------------
524,-46.560.179,-23.583.219,Vila Prudente - Oratório (PMSP/VP-01),2013-04-19 16:00:00.0,-------------------------,------------------------
563,-46.627.853,-23.619.963,Córrego Ipiranga - Pç. Leonor Kaupa (PMSP/IP-02),2014-02-06 17:20:00.0,33847,33846
629,-46.597.368,-23.595.544,Córrego Moinho Velho  - R. Dois de Julho (PMSP/IP-03),2015-03-06 13:00:00.0,33851,33850
705,-46.588.237,-23.589.799,Rio Tamanduateí - Montante AT -09 Guamiranga,2006-11-01 00:10:00.0,-------------------------,-------------------------
706,-46.589.832,-23.588.704,AT - 09 Guamiranga / Área - 02 e 03,2017-01-23 15:50:00.0,-------------------------,-------------------------
707,-46.592.043,-23.588.408,AT -09 Guamiranga / Área 01,2017-05-22 16:20:00.0,-------------------------,-------------------------
708,-46.592.951,-23.587.659,Rio Tamanduateí - Jusante AT - 09 Guamiranga,2006-11-02 01:50:00.0,-------------------------,-------------------------
730,-46.641.216,-23.549.218,Corrego Saracura Av. 9 de Julho,2018-09-06 15:00:00.0,-------------------------,-------------------------
731,-46.638.226,-23.547.488,Córrego Anhangabaú - Av. 23 de Maio,2006-11-01 00:10:00.0,-------------------------,-------------------------
780,-46.627.876,-23.573.744,Parque da Aclimação,2019-02-12 14:50:00.0,-------------------------,-------------------------
810,-46.572.947,-23.582.929,Córrego Mooca - Vila Prudente,2006-11-01 00:02:00.0,-------------------------,-------------------------
820,-46.630.582,-23.628.878,Piscinão Ipiranga - Aliomar Baleeiro,2021-11-09 17:50:00.0,-------------------------,-------------------------
836,-46.543.873,-23.590.036,Córrego Mooca - Estação São Lucas,2021-03-25 17:10:00.0,-------------------------,-------------------------
848,-46.629.141,-23.637.262,Lagoa Aliperti,2021-11-30 16:40:00.0,-------------------------,-------------------------
1000132,-46.454.538,-23.664.813,Rio Tamanduateí 1,2024-09-05 16:40:00.0,-------------------------,-------------------------
1000133,-46.489.367,-2.366.412,Rio Tamanduateí 7,2006-11-01 00:00:01.0,-------------------------,-------------------------
1000350,-46.580.069,-23.686.132,Ribeirão dos Couros - Mercedes Bens,2006-09-01 00:00:30.0,33184,-------------------------
1000370,-46.586.149,-2.369.609,Ribeirão dos Couros - Piraporinha Casa Grande,2009-02-03 16:00:00.0,33709,33678
1000390,-46.552.189,-23.733.222,Ribeirão dos Meninos - Volks Demarch,2006-11-01 00:00:01.0,33710,33681
1000400,-46.541.111,-23.732.476,Córrego Chrysler,2009-02-19 18:50:00.0,33683,33682
1000410,-46.577.271,-23.669.418,Ribeirão dos Couros - Mercedes Paulicéia,2006-11-01 00:00:01.0,33712,33711
1000420,-46.531.598,-23.708.228,Córrego Saracantan - Canarinho,2006-11-01 00:00:01.0,---------------------,---------------------
1000430,-46.585.491,-23.652.025,Ribeirão dos Couros - Ford,2008-05-08 20:10:00.0,33685,33684
1000490,-4.647.238,-23.656.435,Rio Tamanduateí - Vila Santa Cecília,2006-11-01 00:00:01.0,33691,33690
1000500,-46.477.071,-23.627.795,Oratório,2006-11-01 00:00:01.0,33692,---------------------
1000510,-46.448.729,-23.653.057,Rio Corumbé - Jd. Zaíra,2006-11-01 00:00:01.0,33694,796
1000530,-46.553.158,-23.668.967,Ribeirão dos Meninos - Faculdade de Medicina,2009-02-06 18:20:00.0,------------------------,33715
1000550,-46.578.836,-23.689.963,Ribeirão dos Couros - Mercedes Bens,2006-09-01 00:00:30.0,33716,-------------------------
1000580,-46.552.189,-23.733.222,Ribeirão dos Meninos Volks Demarch,2006-11-01 00:10:00.0,-------------------------,33182
1000590,-46.541.111,-23.732.476,Córrego Chrysler,2009-02-20 15:20:00.0,-------------------------,33183
1000600,-46.531.598,-23.708.228,Córrego Saracantan,2009-03-10 19:40:00.0,-------------------------,33181
1000610,-46.585.491,-23.652.025,Ribeirão dos Couros - Ford,2009-03-11 19:10:00.0,33223,33185
1000780,-46.627.876,-23.573.744,Parque da Aclimação,2019-02-12 14:50:00.0,-------------------------,-------------------------
1000837,-46.656.168,-23.552.718,CGE - R. Bela Cintra,2010-03-04 19:36:06.0,33703,-------------------------
1000839,-46.583.518,-23.632.978,Ribeirão dos Meninos - Clube São José,2012-08-09 17:10:00.0,33706,33705
1000840,-46.583.518,-23.632.978,Ipiranga - Ribeirão dos Meninos (PMSP/IP-01),2012-08-09 17:10:00.0,-------------------------,-------------------------
1000867,-46.532.528,-23.752.079,Riacho Grande,2006-11-01 00:00:01.0,33725,-------------------------
1000876,-46.466.539,-23.668.383,Mauá - Paço Municipal,2009-03-24 19:30:00.0,-------------------------,-------------------------
1000958,-46.588.237,-23.589.799,Rio Tamanduateí - Montante AT -09 Guamiranga,2006-11-01 00:00:01.0,33734,797
1000959,-46.592.951,-23.587.659,Rio Tamanduateí - Jusante AT -09 Guamiranga,2006-11-02 03:40:00.0,-------------------------,33736